Device;IP;OS;Platform;Product;Vendor;Score;"Vulnerability Id";"Package Id";CVE;"CVE Title";LastFixed;FirstDetected;"Fixed version";CWE;"CVSS Attack Vector";"CVSS Attack Complexity";"CVSS Privileges Required";"CVSS User Interaction";"CVSS Scope";"CVSS Confidentiality Impact";"CVSS Integrity Impact";"CVSS Availability Impact";Tags
DESKTOP-L7U0KGJ;192.168.194.114;windows;"Microsoft Windows 10 Pro";windows_10;microsoft;7.8;CVE-2021-1675;;CVE-2021-1675;"Windows Print Spooler Remote Code Execution Vulnerability";;2023.02.21;KB5003637;CWE-269;Local;Low;None;Required;Unchanged;High;High;High;
DESKTOP-L7U0KGJ;192.168.194.114;windows;"Microsoft Windows 10 Pro";windows_10;microsoft;8.8;CVE-2021-1678;;CVE-2021-1678;"Windows Print Spooler Spoofing Vulnerability";;2023.02.21;KB5005565;;Network;Low;None;Required;Unchanged;High;High;High;
DESKTOP-L7U0KGJ;192.168.194.114;windows;"Microsoft Windows 10 Pro";windows_10;microsoft;7.8;CVE-2021-26415;;CVE-2021-26415;"Windows Installer Elevation of Privilege Vulnerability";;2023.02.21;KB5001330;CWE-20;Local;Low;Low;None;Unchanged;High;High;High;
DESKTOP-L7U0KGJ;192.168.194.114;windows;"Microsoft Windows 10 Pro";windows_10;microsoft;7.7;CVE-2021-26416;;CVE-2021-26416;"Windows Hyper-V Denial of Service Vulnerability";;2023.02.21;KB5001330;;Network;Low;Low;None;Changed;None;None;High;
DESKTOP-L7U0KGJ;192.168.194.114;windows;"Microsoft Windows 10 Pro";windows_10;microsoft;7.8;CVE-2021-26425;;CVE-2021-26425;"Windows Event Tracing Elevation of Privilege Vulnerability";;2023.02.21;KB5005033;CWE-59;Local;Low;Low;None;Unchanged;High;High;High;
DESKTOP-L7U0KGJ;192.168.194.114;windows;"Microsoft Windows 10 Pro";windows_10;microsoft;7;CVE-2021-26426;;CVE-2021-26426;"Windows User Account Profile Picture Elevation of Privilege Vulnerability";;2023.02.21;KB5005033;CWE-59;Local;High;Low;None;Unchanged;High;High;High;
DESKTOP-L7U0KGJ;192.168.194.114;windows;"Microsoft Windows 10 Pro";windows_10;microsoft;7.8;CVE-2021-26431;;CVE-2021-26431;"Windows Recovery Environment Agent Elevation of Privilege Vulnerability";;2023.02.21;KB5005033;;Local;Low;Low;None;Unchanged;High;High;High;
DESKTOP-L7U0KGJ;192.168.194.114;windows;"Microsoft Windows 10 Pro";windows_10;microsoft;7.5;CVE-2021-26433;;CVE-2021-26433;"Windows Services for NFS ONCRPC XDR Driver Information Disclosure Vulnerability";;2023.02.21;KB5005033;;Network;Low;None;None;Unchanged;High;None;None;
DESKTOP-L7U0KGJ;192.168.194.114;windows;"Microsoft Windows 10 Pro";windows_10;microsoft;8.1;CVE-2021-26435;;CVE-2021-26435;"Windows Scripting Engine Memory Corruption Vulnerability";;2023.02.21;KB5005565;CWE-787;Network;Low;None;Required;Unchanged;High;High;None;
DESKTOP-L7U0KGJ;192.168.194.114;windows;"Microsoft Windows 10 Pro";windows_10;microsoft;7.8;CVE-2021-26441;;CVE-2021-26441;"Storage Spaces Controller Elevation of Privilege Vulnerability";;2023.02.21;KB5006670;CWE-269;Local;Low;Low;None;Unchanged;High;High;High;
DESKTOP-L7U0KGJ;192.168.194.114;windows;"Microsoft Windows 10 Pro";windows_10;microsoft;7;CVE-2021-26442;;CVE-2021-26442;"Windows HTTP.sys Elevation of Privilege Vulnerability";;2023.02.21;KB5006670;;Local;High;Low;None;Unchanged;High;High;High;
DESKTOP-L7U0KGJ;192.168.194.114;windows;"Microsoft Windows 10 Pro";windows_10;microsoft;7;CVE-2021-27072;;CVE-2021-27072;"Win32k Elevation of Privilege Vulnerability";;2023.02.21;KB5001330;;Local;High;Low;None;Unchanged;High;High;High;
DESKTOP-L7U0KGJ;192.168.194.114;windows;"Microsoft Windows 10 Pro";windows_10;microsoft;7.8;CVE-2021-27086;;CVE-2021-27086;"Windows Services and Controller App Elevation of Privilege Vulnerability";;2023.02.21;KB5001330;CWE-863;Local;Low;Low;None;Unchanged;High;High;High;
DESKTOP-L7U0KGJ;192.168.194.114;windows;"Microsoft Windows 10 Pro";windows_10;microsoft;7.8;CVE-2021-27088;;CVE-2021-27088;"Windows Event Tracing Elevation of Privilege Vulnerability";;2023.02.21;KB5001330;;Local;Low;Low;None;Unchanged;High;High;High;
DESKTOP-L7U0KGJ;192.168.194.114;windows;"Microsoft Windows 10 Pro";windows_10;microsoft;7.8;CVE-2021-27089;;CVE-2021-27089;"Microsoft Internet Messaging API Remote Code Execution Vulnerability";;2023.02.21;KB5001330;;Local;Low;None;Required;Unchanged;High;High;High;
DESKTOP-L7U0KGJ;192.168.194.114;windows;"Microsoft Windows 10 Pro";windows_10;microsoft;7.8;CVE-2021-27090;;CVE-2021-27090;"Windows Secure Kernel Mode Elevation of Privilege Vulnerability";;2023.02.21;KB5001330;;Local;Low;Low;None;Unchanged;High;High;High;
DESKTOP-L7U0KGJ;192.168.194.114;windows;"Microsoft Windows 10 Pro";windows_10;microsoft;7.8;CVE-2021-27095;;CVE-2021-27095;"Windows Media Video Decoder Remote Code Execution Vulnerability";;2023.02.21;KB5001330;;Local;Low;None;Required;Unchanged;High;High;High;
DESKTOP-L7U0KGJ;192.168.194.114;windows;"Microsoft Windows 10 Pro";windows_10;microsoft;7.8;CVE-2021-27096;;CVE-2021-27096;"NTFS Elevation of Privilege Vulnerability";;2023.02.21;KB5001330;;Local;Low;Low;None;Unchanged;High;High;High;
DESKTOP-L7U0KGJ;192.168.194.114;windows;"Microsoft Windows 10 Pro";windows_10;microsoft;7.8;CVE-2021-28310;;CVE-2021-28310;"Win32k Elevation of Privilege Vulnerability";;2023.02.21;KB5001330;;Local;Low;Low;None;Unchanged;High;High;High;
DESKTOP-L7U0KGJ;192.168.194.114;windows;"Microsoft Windows 10 Pro";windows_10;microsoft;7.8;CVE-2021-28313;;CVE-2021-28313;"Diagnostics Hub Standard Collector Service Elevation of Privilege Vulnerability";;2023.02.21;KB5001330;CWE-269;Local;Low;Low;None;Unchanged;High;High;High;
DESKTOP-L7U0KGJ;192.168.194.114;windows;"Microsoft Windows 10 Pro";windows_10;microsoft;7.8;CVE-2021-28314;;CVE-2021-28314;"Windows Hyper-V Elevation of Privilege Vulnerability";;2023.02.21;KB5001330;;Local;Low;Low;None;Unchanged;High;High;High;
DESKTOP-L7U0KGJ;192.168.194.114;windows;"Microsoft Windows 10 Pro";windows_10;microsoft;7.8;CVE-2021-28315;;CVE-2021-28315;"Windows Media Video Decoder Remote Code Execution Vulnerability";;2023.02.21;KB5001330;;Local;Low;None;Required;Unchanged;High;High;High;
DESKTOP-L7U0KGJ;192.168.194.114;windows;"Microsoft Windows 10 Pro";windows_10;microsoft;7.5;CVE-2021-28319;;CVE-2021-28319;"Windows TCP/IP Driver Denial of Service Vulnerability";;2023.02.21;KB5001330;;Network;Low;None;None;Unchanged;None;None;High;
DESKTOP-L7U0KGJ;192.168.194.114;windows;"Microsoft Windows 10 Pro";windows_10;microsoft;7.8;CVE-2021-28320;;CVE-2021-28320;"Windows Resource Manager PSM Service Extension Elevation of Privilege Vulnerability";;2023.02.21;KB5001330;;Local;Low;Low;None;Unchanged;High;High;High;
DESKTOP-L7U0KGJ;192.168.194.114;windows;"Microsoft Windows 10 Pro";windows_10;microsoft;7.8;CVE-2021-28321;;CVE-2021-28321;"Diagnostics Hub Standard Collector Service Elevation of Privilege Vulnerability";;2023.02.21;KB5001330;CWE-59;Local;Low;Low;None;Unchanged;High;High;High;
DESKTOP-L7U0KGJ;192.168.194.114;windows;"Microsoft Windows 10 Pro";windows_10;microsoft;7.8;CVE-2021-28322;;CVE-2021-28322;"Diagnostics Hub Standard Collector Service Elevation of Privilege Vulnerability";;2023.02.21;KB5001330;CWE-269;Local;Low;Low;None;Unchanged;High;High;High;
DESKTOP-L7U0KGJ;192.168.194.114;windows;"Microsoft Windows 10 Pro";windows_10;microsoft;7.5;CVE-2021-28324;;CVE-2021-28324;"Windows SMB Information Disclosure Vulnerability";;2023.02.21;KB5001330;CWE-200;Network;Low;None;None;Unchanged;High;None;None;
DESKTOP-L7U0KGJ;192.168.194.114;windows;"Microsoft Windows 10 Pro";windows_10;microsoft;8.8;CVE-2021-28327;;CVE-2021-28327;"Remote Procedure Call Runtime Remote Code Execution Vulnerability";;2023.02.21;KB5001330;;Network;Low;Low;None;Unchanged;High;High;High;
DESKTOP-L7U0KGJ;192.168.194.114;windows;"Microsoft Windows 10 Pro";windows_10;microsoft;8.8;CVE-2021-28329;;CVE-2021-28329;"Remote Procedure Call Runtime Remote Code Execution Vulnerability";;2023.02.21;KB5001330;;Network;Low;Low;None;Unchanged;High;High;High;
DESKTOP-L7U0KGJ;192.168.194.114;windows;"Microsoft Windows 10 Pro";windows_10;microsoft;8.8;CVE-2021-28330;;CVE-2021-28330;"Remote Procedure Call Runtime Remote Code Execution Vulnerability";;2023.02.21;KB5001330;;Network;Low;Low;None;Unchanged;High;High;High;
DESKTOP-L7U0KGJ;192.168.194.114;windows;"Microsoft Windows 10 Pro";windows_10;microsoft;8.8;CVE-2021-28331;;CVE-2021-28331;"Remote Procedure Call Runtime Remote Code Execution Vulnerability";;2023.02.21;KB5001330;;Network;Low;Low;None;Unchanged;High;High;High;
DESKTOP-L7U0KGJ;192.168.194.114;windows;"Microsoft Windows 10 Pro";windows_10;microsoft;8.8;CVE-2021-28332;;CVE-2021-28332;"Remote Procedure Call Runtime Remote Code Execution Vulnerability";;2023.02.21;KB5001330;;Network;Low;Low;None;Unchanged;High;High;High;
DESKTOP-L7U0KGJ;192.168.194.114;windows;"Microsoft Windows 10 Pro";windows_10;microsoft;8.8;CVE-2021-28333;;CVE-2021-28333;"Remote Procedure Call Runtime Remote Code Execution Vulnerability";;2023.02.21;KB5001330;;Network;Low;Low;None;Unchanged;High;High;High;
DESKTOP-L7U0KGJ;192.168.194.114;windows;"Microsoft Windows 10 Pro";windows_10;microsoft;8.8;CVE-2021-28334;;CVE-2021-28334;"Remote Procedure Call Runtime Remote Code Execution Vulnerability";;2023.02.21;KB5001330;;Network;Low;Low;None;Unchanged;High;High;High;
DESKTOP-L7U0KGJ;192.168.194.114;windows;"Microsoft Windows 10 Pro";windows_10;microsoft;8.8;CVE-2021-28335;;CVE-2021-28335;"Remote Procedure Call Runtime Remote Code Execution Vulnerability";;2023.02.21;KB5001330;;Network;Low;Low;None;Unchanged;High;High;High;
DESKTOP-L7U0KGJ;192.168.194.114;windows;"Microsoft Windows 10 Pro";windows_10;microsoft;8.8;CVE-2021-28336;;CVE-2021-28336;"Remote Procedure Call Runtime Remote Code Execution Vulnerability";;2023.02.21;KB5001330;;Network;Low;Low;None;Unchanged;High;High;High;
DESKTOP-L7U0KGJ;192.168.194.114;windows;"Microsoft Windows 10 Pro";windows_10;microsoft;8.8;CVE-2021-28337;;CVE-2021-28337;"Remote Procedure Call Runtime Remote Code Execution Vulnerability";;2023.02.21;KB5001330;;Network;Low;Low;None;Unchanged;High;High;High;
DESKTOP-L7U0KGJ;192.168.194.114;windows;"Microsoft Windows 10 Pro";windows_10;microsoft;8.8;CVE-2021-28338;;CVE-2021-28338;"Remote Procedure Call Runtime Remote Code Execution Vulnerability";;2023.02.21;KB5001330;;Network;Low;Low;None;Unchanged;High;High;High;
DESKTOP-L7U0KGJ;192.168.194.114;windows;"Microsoft Windows 10 Pro";windows_10;microsoft;8.8;CVE-2021-28339;;CVE-2021-28339;"Remote Procedure Call Runtime Remote Code Execution Vulnerability";;2023.02.21;KB5001330;;Network;Low;Low;None;Unchanged;High;High;High;
DESKTOP-L7U0KGJ;192.168.194.114;windows;"Microsoft Windows 10 Pro";windows_10;microsoft;8.8;CVE-2021-28340;;CVE-2021-28340;"Remote Procedure Call Runtime Remote Code Execution Vulnerability";;2023.02.21;KB5001330;;Network;Low;Low;None;Unchanged;High;High;High;
DESKTOP-L7U0KGJ;192.168.194.114;windows;"Microsoft Windows 10 Pro";windows_10;microsoft;8.8;CVE-2021-28341;;CVE-2021-28341;"Remote Procedure Call Runtime Remote Code Execution Vulnerability";;2023.02.21;KB5001330;;Network;Low;Low;None;Unchanged;High;High;High;
DESKTOP-L7U0KGJ;192.168.194.114;windows;"Microsoft Windows 10 Pro";windows_10;microsoft;8.8;CVE-2021-28342;;CVE-2021-28342;"Remote Procedure Call Runtime Remote Code Execution Vulnerability";;2023.02.21;KB5001330;;Network;Low;Low;None;Unchanged;High;High;High;
DESKTOP-L7U0KGJ;192.168.194.114;windows;"Microsoft Windows 10 Pro";windows_10;microsoft;8.8;CVE-2021-28343;;CVE-2021-28343;"Remote Procedure Call Runtime Remote Code Execution Vulnerability";;2023.02.21;KB5001330;;Network;Low;Low;None;Unchanged;High;High;High;
DESKTOP-L7U0KGJ;192.168.194.114;windows;"Microsoft Windows 10 Pro";windows_10;microsoft;8.8;CVE-2021-28344;;CVE-2021-28344;"Remote Procedure Call Runtime Remote Code Execution Vulnerability";;2023.02.21;KB5001330;;Network;Low;Low;None;Unchanged;High;High;High;
DESKTOP-L7U0KGJ;192.168.194.114;windows;"Microsoft Windows 10 Pro";windows_10;microsoft;8.8;CVE-2021-28345;;CVE-2021-28345;"Remote Procedure Call Runtime Remote Code Execution Vulnerability";;2023.02.21;KB5001330;;Network;Low;Low;None;Unchanged;High;High;High;
DESKTOP-L7U0KGJ;192.168.194.114;windows;"Microsoft Windows 10 Pro";windows_10;microsoft;8.8;CVE-2021-28346;;CVE-2021-28346;"Remote Procedure Call Runtime Remote Code Execution Vulnerability";;2023.02.21;KB5001330;;Network;Low;Low;None;Unchanged;High;High;High;
DESKTOP-L7U0KGJ;192.168.194.114;windows;"Microsoft Windows 10 Pro";windows_10;microsoft;7.8;CVE-2021-28347;;CVE-2021-28347;"Windows Speech Runtime Elevation of Privilege Vulnerability";;2023.02.21;KB5001330;;Local;Low;Low;None;Unchanged;High;High;High;
DESKTOP-L7U0KGJ;192.168.194.114;windows;"Microsoft Windows 10 Pro";windows_10;microsoft;7.8;CVE-2021-28348;;CVE-2021-28348;"Windows GDI+ Remote Code Execution Vulnerability";;2023.02.21;KB5001330;;Local;Low;Low;None;Unchanged;High;High;High;
DESKTOP-L7U0KGJ;192.168.194.114;windows;"Microsoft Windows 10 Pro";windows_10;microsoft;7.8;CVE-2021-28349;;CVE-2021-28349;"Windows GDI+ Remote Code Execution Vulnerability";;2023.02.21;KB5001330;;Local;Low;Low;None;Unchanged;High;High;High;
DESKTOP-L7U0KGJ;192.168.194.114;windows;"Microsoft Windows 10 Pro";windows_10;microsoft;7.8;CVE-2021-28350;;CVE-2021-28350;"Windows GDI+ Remote Code Execution Vulnerability";;2023.02.21;KB5001330;;Local;Low;Low;None;Unchanged;High;High;High;
DESKTOP-L7U0KGJ;192.168.194.114;windows;"Microsoft Windows 10 Pro";windows_10;microsoft;7.8;CVE-2021-28351;;CVE-2021-28351;"Windows Speech Runtime Elevation of Privilege Vulnerability";;2023.02.21;KB5001330;;Local;Low;Low;None;Unchanged;High;High;High;
DESKTOP-L7U0KGJ;192.168.194.114;windows;"Microsoft Windows 10 Pro";windows_10;microsoft;8.8;CVE-2021-28352;;CVE-2021-28352;"Remote Procedure Call Runtime Remote Code Execution Vulnerability";;2023.02.21;KB5001330;;Network;Low;Low;None;Unchanged;High;High;High;
DESKTOP-L7U0KGJ;192.168.194.114;windows;"Microsoft Windows 10 Pro";windows_10;microsoft;8.8;CVE-2021-28353;;CVE-2021-28353;"Remote Procedure Call Runtime Remote Code Execution Vulnerability";;2023.02.21;KB5001330;;Network;Low;Low;None;Unchanged;High;High;High;
DESKTOP-L7U0KGJ;192.168.194.114;windows;"Microsoft Windows 10 Pro";windows_10;microsoft;8.8;CVE-2021-28354;;CVE-2021-28354;"Remote Procedure Call Runtime Remote Code Execution Vulnerability";;2023.02.21;KB5001330;;Network;Low;Low;None;Unchanged;High;High;High;
DESKTOP-L7U0KGJ;192.168.194.114;windows;"Microsoft Windows 10 Pro";windows_10;microsoft;8.8;CVE-2021-28355;;CVE-2021-28355;"Remote Procedure Call Runtime Remote Code Execution Vulnerability";;2023.02.21;KB5001330;;Network;Low;Low;None;Unchanged;High;High;High;
DESKTOP-L7U0KGJ;192.168.194.114;windows;"Microsoft Windows 10 Pro";windows_10;microsoft;8.8;CVE-2021-28356;;CVE-2021-28356;"Remote Procedure Call Runtime Remote Code Execution Vulnerability";;2023.02.21;KB5001330;;Network;Low;Low;None;Unchanged;High;High;High;
DESKTOP-L7U0KGJ;192.168.194.114;windows;"Microsoft Windows 10 Pro";windows_10;microsoft;8.8;CVE-2021-28357;;CVE-2021-28357;"Remote Procedure Call Runtime Remote Code Execution Vulnerability";;2023.02.21;KB5001330;;Network;Low;Low;None;Unchanged;High;High;High;
DESKTOP-L7U0KGJ;192.168.194.114;windows;"Microsoft Windows 10 Pro";windows_10;microsoft;8.8;CVE-2021-28358;;CVE-2021-28358;"Remote Procedure Call Runtime Remote Code Execution Vulnerability";;2023.02.21;KB5001330;;Network;Low;Low;None;Unchanged;High;High;High;
DESKTOP-L7U0KGJ;192.168.194.114;windows;"Microsoft Windows 10 Pro";windows_10;microsoft;8.8;CVE-2021-28434;;CVE-2021-28434;"Remote Procedure Call Runtime Remote Code Execution Vulnerability";;2023.02.21;KB5001330;;Network;Low;Low;None;Unchanged;High;High;High;
DESKTOP-L7U0KGJ;192.168.194.114;windows;"Microsoft Windows 10 Pro";windows_10;microsoft;7.8;CVE-2021-28436;;CVE-2021-28436;"Windows Speech Runtime Elevation of Privilege Vulnerability";;2023.02.21;KB5001330;;Local;Low;Low;None;Unchanged;High;High;High;
DESKTOP-L7U0KGJ;192.168.194.114;windows;"Microsoft Windows 10 Pro";windows_10;microsoft;7.5;CVE-2021-28439;;CVE-2021-28439;"Windows TCP/IP Driver Denial of Service Vulnerability";;2023.02.21;KB5001330;;Network;Low;None;None;Unchanged;None;None;High;
DESKTOP-L7U0KGJ;192.168.194.114;windows;"Microsoft Windows 10 Pro";windows_10;microsoft;7;CVE-2021-28440;;CVE-2021-28440;"Windows Installer Elevation of Privilege Vulnerability";;2023.02.21;KB5001330;;Local;High;Low;None;Unchanged;High;High;High;
DESKTOP-L7U0KGJ;192.168.194.114;windows;"Microsoft Windows 10 Pro";windows_10;microsoft;8.1;CVE-2021-28445;;CVE-2021-28445;"Windows Network File System Remote Code Execution Vulnerability";;2023.02.21;KB5001330;;Network;Low;Low;None;Unchanged;High;None;High;
DESKTOP-L7U0KGJ;192.168.194.114;windows;"Microsoft Windows 10 Pro";windows_10;microsoft;7.1;CVE-2021-28446;;CVE-2021-28446;"Windows Portmapping Information Disclosure Vulnerability";;2023.02.21;KB5001330;;Local;Low;Low;None;Unchanged;High;None;High;
DESKTOP-L7U0KGJ;192.168.194.114;windows;"Microsoft Windows 10 Pro";windows_10;microsoft;8.8;CVE-2021-28455;;CVE-2021-28455;"Microsoft Jet Red Database Engine and Access Connectivity Engine Remote Code Execution Vulnerability";;2023.02.21;KB5003173;CWE-77;Network;Low;Low;None;Unchanged;High;High;High;
DESKTOP-L7U0KGJ;192.168.194.114;windows;"Microsoft Windows 10 Pro";windows_10;microsoft;7.8;CVE-2021-31165;;CVE-2021-31165;"Windows Container Manager Service Elevation of Privilege Vulnerability";;2023.02.21;KB5003173;CWE-863;Local;Low;Low;None;Unchanged;High;High;High;
DESKTOP-L7U0KGJ;192.168.194.114;windows;"Microsoft Windows 10 Pro";windows_10;microsoft;7.8;CVE-2021-31167;;CVE-2021-31167;"Windows Container Manager Service Elevation of Privilege Vulnerability";;2023.02.21;KB5003173;CWE-732;Local;Low;Low;None;Unchanged;High;High;High;
DESKTOP-L7U0KGJ;192.168.194.114;windows;"Microsoft Windows 10 Pro";windows_10;microsoft;7.8;CVE-2021-31168;;CVE-2021-31168;"Windows Container Manager Service Elevation of Privilege Vulnerability";;2023.02.21;KB5003173;CWE-269;Local;Low;Low;None;Unchanged;High;High;High;
DESKTOP-L7U0KGJ;192.168.194.114;windows;"Microsoft Windows 10 Pro";windows_10;microsoft;7.8;CVE-2021-31169;;CVE-2021-31169;"Windows Container Manager Service Elevation of Privilege Vulnerability";;2023.02.21;KB5003173;CWE-269;Local;Low;Low;None;Unchanged;High;High;High;
DESKTOP-L7U0KGJ;192.168.194.114;windows;"Microsoft Windows 10 Pro";windows_10;microsoft;7.8;CVE-2021-31170;;CVE-2021-31170;"Windows Graphics Component Elevation of Privilege Vulnerability";;2023.02.21;KB5003173;CWE-416;Local;Low;Low;None;Unchanged;High;High;High;
DESKTOP-L7U0KGJ;192.168.194.114;windows;"Microsoft Windows 10 Pro";windows_10;microsoft;7.1;CVE-2021-31182;;CVE-2021-31182;"Microsoft Bluetooth Driver Spoofing Vulnerability";;2023.02.21;KB5003173;;Adjacent;Low;None;None;Unchanged;Low;High;None;
DESKTOP-L7U0KGJ;192.168.194.114;windows;"Microsoft Windows 10 Pro";windows_10;microsoft;7.5;CVE-2021-31183;;CVE-2021-31183;"Windows TCP/IP Driver Denial of Service Vulnerability";;2023.02.21;KB5004237;;Network;Low;None;None;Unchanged;None;None;High;
DESKTOP-L7U0KGJ;192.168.194.114;windows;"Microsoft Windows 10 Pro";windows_10;microsoft;7.4;CVE-2021-31186;;CVE-2021-31186;"Windows Remote Desktop Protocol (RDP) Information Disclosure Vulnerability";;2023.02.21;KB5003173;CWE-200;Network;Low;None;Required;Changed;High;None;None;
DESKTOP-L7U0KGJ;192.168.194.114;windows;"Microsoft Windows 10 Pro";windows_10;microsoft;7.8;CVE-2021-31187;;CVE-2021-31187;"Windows WalletService Elevation of Privilege Vulnerability";;2023.02.21;KB5003173;CWE-59;Local;Low;Low;None;Unchanged;High;High;High;
DESKTOP-L7U0KGJ;192.168.194.114;windows;"Microsoft Windows 10 Pro";windows_10;microsoft;7.8;CVE-2021-31188;;CVE-2021-31188;"Windows Graphics Component Elevation of Privilege Vulnerability";;2023.02.21;KB5003173;CWE-416;Local;Low;Low;None;Unchanged;High;High;High;
DESKTOP-L7U0KGJ;192.168.194.114;windows;"Microsoft Windows 10 Pro";windows_10;microsoft;7.3;CVE-2021-31192;;CVE-2021-31192;"Windows Media Foundation Core Remote Code Execution Vulnerability";;2023.02.21;KB5003173;;Local;Low;Low;Required;Unchanged;High;High;High;
DESKTOP-L7U0KGJ;192.168.194.114;windows;"Microsoft Windows 10 Pro";windows_10;microsoft;7.8;CVE-2021-31193;;CVE-2021-31193;"Windows SSDP Service Elevation of Privilege Vulnerability";;2023.02.21;KB5003173;;Local;Low;Low;None;Unchanged;High;High;High;
DESKTOP-L7U0KGJ;192.168.194.114;windows;"Microsoft Windows 10 Pro";windows_10;microsoft;8.8;CVE-2021-31194;;CVE-2021-31194;"OLE Automation Remote Code Execution Vulnerability";;2023.02.21;KB5003173;;Network;Low;Low;None;Unchanged;High;High;High;
DESKTOP-L7U0KGJ;192.168.194.114;windows;"Microsoft Windows 10 Pro";windows_10;microsoft;7.8;CVE-2021-31208;;CVE-2021-31208;"Windows Container Manager Service Elevation of Privilege Vulnerability";;2023.02.21;KB5003173;;Local;Low;Low;None;Unchanged;High;High;High;
DESKTOP-L7U0KGJ;192.168.194.114;windows;"Microsoft Windows 10 Pro";windows_10;microsoft;7.8;CVE-2021-31951;;CVE-2021-31951;"Windows Kernel Elevation of Privilege Vulnerability";;2023.02.21;KB5003637;;Local;Low;Low;None;Unchanged;High;High;High;
DESKTOP-L7U0KGJ;192.168.194.114;windows;"Microsoft Windows 10 Pro";windows_10;microsoft;7.8;CVE-2021-31952;;CVE-2021-31952;"Windows Kernel-Mode Driver Elevation of Privilege Vulnerability";;2023.02.21;KB5003637;;Local;Low;Low;None;Unchanged;High;High;High;
DESKTOP-L7U0KGJ;192.168.194.114;windows;"Microsoft Windows 10 Pro";windows_10;microsoft;7.8;CVE-2021-31954;;CVE-2021-31954;"Windows Common Log File System Driver Elevation of Privilege Vulnerability";;2023.02.21;KB5003637;CWE-269;Local;Low;Low;None;Unchanged;High;High;High;
DESKTOP-L7U0KGJ;192.168.194.114;windows;"Microsoft Windows 10 Pro";windows_10;microsoft;7.8;CVE-2021-31956;;CVE-2021-31956;"Windows NTFS Elevation of Privilege Vulnerability";;2023.02.21;KB5003637;;Local;Low;Low;None;Unchanged;High;High;High;
DESKTOP-L7U0KGJ;192.168.194.114;windows;"Microsoft Windows 10 Pro";windows_10;microsoft;7.5;CVE-2021-31958;;CVE-2021-31958;"Windows NTLM Elevation of Privilege Vulnerability";;2023.02.21;KB5003637;CWE-294;Network;High;None;Required;Unchanged;High;High;High;
DESKTOP-L7U0KGJ;192.168.194.114;windows;"Microsoft Windows 10 Pro";windows_10;microsoft;7.5;CVE-2021-31968;;CVE-2021-31968;"Windows Remote Desktop ServicesÂ Denial of Service Vulnerability";;2023.02.21;KB5003637;;Network;Low;None;None;Unchanged;None;None;High;
DESKTOP-L7U0KGJ;192.168.194.114;windows;"Microsoft Windows 10 Pro";windows_10;microsoft;7.8;CVE-2021-31969;;CVE-2021-31969;"Windows Cloud Files Mini Filter Driver Elevation of Privilege Vulnerability";;2023.02.21;KB5003637;CWE-269;Local;Low;Low;None;Unchanged;High;High;High;
DESKTOP-L7U0KGJ;192.168.194.114;windows;"Microsoft Windows 10 Pro";windows_10;microsoft;7.8;CVE-2021-31973;;CVE-2021-31973;"Windows GPSVC Elevation of Privilege Vulnerability";;2023.02.21;KB5003637;;Local;Low;Low;None;Unchanged;High;High;High;
DESKTOP-L7U0KGJ;192.168.194.114;windows;"Microsoft Windows 10 Pro";windows_10;microsoft;7.5;CVE-2021-31974;;CVE-2021-31974;"Server for NFS Denial of Service Vulnerability";;2023.02.21;KB5003637;;Network;Low;None;None;Unchanged;None;None;High;
DESKTOP-L7U0KGJ;192.168.194.114;windows;"Microsoft Windows 10 Pro";windows_10;microsoft;7.5;CVE-2021-31975;;CVE-2021-31975;"Server for NFS Information Disclosure Vulnerability";;2023.02.21;KB5003637;CWE-200;Network;Low;None;None;Unchanged;High;None;None;
DESKTOP-L7U0KGJ;192.168.194.114;windows;"Microsoft Windows 10 Pro";windows_10;microsoft;7.5;CVE-2021-31976;;CVE-2021-31976;"Server for NFS Information Disclosure Vulnerability";;2023.02.21;KB5003637;CWE-200;Network;Low;None;None;Unchanged;High;None;None;
DESKTOP-L7U0KGJ;192.168.194.114;windows;"Microsoft Windows 10 Pro";windows_10;microsoft;8.6;CVE-2021-31977;;CVE-2021-31977;"Windows Hyper-V Denial of Service Vulnerability";;2023.02.21;KB5003637;CWE-119;Network;Low;None;None;Changed;None;None;High;
DESKTOP-L7U0KGJ;192.168.194.114;windows;"Microsoft Windows 10 Pro";windows_10;microsoft;7.8;CVE-2021-31979;;CVE-2021-31979;"Windows Kernel Elevation of Privilege Vulnerability";;2023.02.21;KB5004237;;Local;Low;Low;None;Unchanged;High;High;High;
DESKTOP-L7U0KGJ;192.168.194.114;windows;"Microsoft Windows 10 Pro";windows_10;microsoft;8.4;CVE-2021-33739;;CVE-2021-33739;"Microsoft DWM Core Library Elevation of Privilege Vulnerability";;2023.02.21;KB5003637;;Local;Low;None;None;Unchanged;High;High;High;
DESKTOP-L7U0KGJ;192.168.194.114;windows;"Microsoft Windows 10 Pro";windows_10;microsoft;7.8;CVE-2021-33740;;CVE-2021-33740;"Windows Media Remote Code Execution Vulnerability";;2023.02.21;KB5004237;;Local;Low;None;Required;Unchanged;High;High;High;
DESKTOP-L7U0KGJ;192.168.194.114;windows;"Microsoft Windows 10 Pro";windows_10;microsoft;7.5;CVE-2021-33742;;CVE-2021-33742;"Windows MSHTML Platform Remote Code Execution Vulnerability";;2023.02.21;KB5003637;CWE-681;Network;High;None;Required;Unchanged;High;High;High;
DESKTOP-L7U0KGJ;192.168.194.114;windows;"Microsoft Windows 10 Pro";windows_10;microsoft;7.8;CVE-2021-33743;;CVE-2021-33743;"Windows Projected File System Elevation of Privilege Vulnerability";;2023.02.21;KB5004237;;Local;Low;Low;None;Unchanged;High;High;High;
DESKTOP-L7U0KGJ;192.168.194.114;windows;"Microsoft Windows 10 Pro";windows_10;microsoft;8.8;CVE-2021-33749;;CVE-2021-33749;"Windows DNS Snap-in Remote Code Execution Vulnerability";;2023.02.21;KB5004237;;Network;Low;None;Required;Unchanged;High;High;High;
DESKTOP-L7U0KGJ;192.168.194.114;windows;"Microsoft Windows 10 Pro";windows_10;microsoft;8.8;CVE-2021-33750;;CVE-2021-33750;"Windows DNS Snap-in Remote Code Execution Vulnerability";;2023.02.21;KB5004237;;Network;Low;None;Required;Unchanged;High;High;High;
DESKTOP-L7U0KGJ;192.168.194.114;windows;"Microsoft Windows 10 Pro";windows_10;microsoft;7;CVE-2021-33751;;CVE-2021-33751;"Storage Spaces Controller Elevation of Privilege Vulnerability";;2023.02.21;KB5004237;CWE-269;Local;High;Low;None;Unchanged;High;High;High;
DESKTOP-L7U0KGJ;192.168.194.114;windows;"Microsoft Windows 10 Pro";windows_10;microsoft;8.8;CVE-2021-33752;;CVE-2021-33752;"Windows DNS Snap-in Remote Code Execution Vulnerability";;2023.02.21;KB5004237;;Network;Low;None;Required;Unchanged;High;High;High;
DESKTOP-L7U0KGJ;192.168.194.114;windows;"Microsoft Windows 10 Pro";windows_10;microsoft;8.8;CVE-2021-33756;;CVE-2021-33756;"Windows DNS Snap-in Remote Code Execution Vulnerability";;2023.02.21;KB5004237;;Network;Low;None;Required;Unchanged;High;High;High;
DESKTOP-L7U0KGJ;192.168.194.114;windows;"Microsoft Windows 10 Pro";windows_10;microsoft;7.8;CVE-2021-33759;;CVE-2021-33759;"Windows Desktop Bridge Elevation of Privilege Vulnerability";;2023.02.21;KB5004237;;Local;Low;Low;None;Unchanged;High;High;High;
DESKTOP-L7U0KGJ;192.168.194.114;windows;"Microsoft Windows 10 Pro";windows_10;microsoft;7.8;CVE-2021-33761;;CVE-2021-33761;"Windows Remote Access Connection Manager Elevation of Privilege Vulnerability";;2023.02.21;KB5004237;;Local;Low;Low;None;Unchanged;High;High;High;
DESKTOP-L7U0KGJ;192.168.194.114;windows;"Microsoft Windows 10 Pro";windows_10;microsoft;7.8;CVE-2021-33771;;CVE-2021-33771;"Windows Kernel Elevation of Privilege Vulnerability";;2023.02.21;KB5004237;;Local;Low;Low;None;Unchanged;High;High;High;
DESKTOP-L7U0KGJ;192.168.194.114;windows;"Microsoft Windows 10 Pro";windows_10;microsoft;7.5;CVE-2021-33772;;CVE-2021-33772;"Windows TCP/IP Driver Denial of Service Vulnerability";;2023.02.21;KB5004237;;Network;Low;None;None;Unchanged;None;None;High;
DESKTOP-L7U0KGJ;192.168.194.114;windows;"Microsoft Windows 10 Pro";windows_10;microsoft;7.8;CVE-2021-33773;;CVE-2021-33773;"Windows Remote Access Connection Manager Elevation of Privilege Vulnerability";;2023.02.21;KB5004237;;Local;Low;Low;None;Unchanged;High;High;High;
DESKTOP-L7U0KGJ;192.168.194.114;windows;"Microsoft Windows 10 Pro";windows_10;microsoft;7;CVE-2021-33774;;CVE-2021-33774;"Windows Event Tracing Elevation of Privilege Vulnerability";;2023.02.21;KB5004237;;Local;High;Low;None;Unchanged;High;High;High;
DESKTOP-L7U0KGJ;192.168.194.114;windows;"Microsoft Windows 10 Pro";windows_10;microsoft;8.1;CVE-2021-33781;;CVE-2021-33781;"Azure AD Security Feature Bypass Vulnerability";;2023.02.21;KB5004237;;Network;Low;Low;None;Unchanged;High;High;None;
DESKTOP-L7U0KGJ;192.168.194.114;windows;"Microsoft Windows 10 Pro";windows_10;microsoft;7.8;CVE-2021-33784;;CVE-2021-33784;"Windows Cloud Files Mini Filter Driver Elevation of Privilege Vulnerability";;2023.02.21;KB5004237;;Local;Low;Low;None;Unchanged;High;High;High;
DESKTOP-L7U0KGJ;192.168.194.114;windows;"Microsoft Windows 10 Pro";windows_10;microsoft;7.5;CVE-2021-33785;;CVE-2021-33785;"Windows AF_UNIX Socket Provider Denial of Service Vulnerability";;2023.02.21;KB5004237;;Network;Low;None;None;Unchanged;None;None;High;
DESKTOP-L7U0KGJ;192.168.194.114;windows;"Microsoft Windows 10 Pro";windows_10;microsoft;7.5;CVE-2021-33788;;CVE-2021-33788;"Windows LSA Denial of Service Vulnerability";;2023.02.21;KB5004237;;Network;Low;None;None;Unchanged;None;None;High;
DESKTOP-L7U0KGJ;192.168.194.114;windows;"Microsoft Windows 10 Pro";windows_10;microsoft;7.8;CVE-2021-34438;;CVE-2021-34438;"Windows Font Driver Host Remote Code Execution Vulnerability";;2023.02.21;KB5004237;;Local;Low;None;Required;Unchanged;High;High;High;
DESKTOP-L7U0KGJ;192.168.194.114;windows;"Microsoft Windows 10 Pro";windows_10;microsoft;7.8;CVE-2021-34441;;CVE-2021-34441;"Microsoft Windows Media Foundation Remote Code Execution Vulnerability";;2023.02.21;KB5004237;;Local;Low;None;Required;Unchanged;High;High;High;
DESKTOP-L7U0KGJ;192.168.194.114;windows;"Microsoft Windows 10 Pro";windows_10;microsoft;7.8;CVE-2021-34445;;CVE-2021-34445;"Windows Remote Access Connection Manager Elevation of Privilege Vulnerability";;2023.02.21;KB5004237;;Local;Low;Low;None;Unchanged;High;High;High;
DESKTOP-L7U0KGJ;192.168.194.114;windows;"Microsoft Windows 10 Pro";windows_10;microsoft;8;CVE-2021-34446;;CVE-2021-34446;"Windows HTML Platforms Security Feature Bypass Vulnerability";;2023.02.21;KB5004237;;Network;High;None;Required;Changed;High;High;None;
DESKTOP-L7U0KGJ;192.168.194.114;windows;"Microsoft Windows 10 Pro";windows_10;microsoft;7;CVE-2021-34449;;CVE-2021-34449;"Win32k Elevation of Privilege Vulnerability";;2023.02.21;KB5004237;;Local;High;Low;None;Unchanged;High;High;High;
DESKTOP-L7U0KGJ;192.168.194.114;windows;"Microsoft Windows 10 Pro";windows_10;microsoft;8.5;CVE-2021-34450;;CVE-2021-34450;"Windows Hyper-V Remote Code Execution Vulnerability";;2023.02.21;KB5004237;;Network;High;Low;None;Changed;High;High;High;
DESKTOP-L7U0KGJ;192.168.194.114;windows;"Microsoft Windows 10 Pro";windows_10;microsoft;7.8;CVE-2021-34455;;CVE-2021-34455;"Windows File History Service Elevation of Privilege Vulnerability";;2023.02.21;KB5004237;CWE-269;Local;Low;Low;None;Unchanged;High;High;High;
DESKTOP-L7U0KGJ;192.168.194.114;windows;"Microsoft Windows 10 Pro";windows_10;microsoft;7.8;CVE-2021-34456;;CVE-2021-34456;"Windows Remote Access Connection Manager Elevation of Privilege Vulnerability";;2023.02.21;KB5004237;CWE-269;Local;Low;Low;None;Unchanged;High;High;High;
DESKTOP-L7U0KGJ;192.168.194.114;windows;"Microsoft Windows 10 Pro";windows_10;microsoft;7.8;CVE-2021-34459;;CVE-2021-34459;"Windows AppContainer Elevation Of Privilege Vulnerability";;2023.02.21;KB5004237;CWE-269;Local;Low;Low;None;Unchanged;High;High;High;
DESKTOP-L7U0KGJ;192.168.194.114;windows;"Microsoft Windows 10 Pro";windows_10;microsoft;7.8;CVE-2021-34460;;CVE-2021-34460;"Storage Spaces Controller Elevation of Privilege Vulnerability";;2023.02.21;KB5004237;CWE-269;Local;Low;Low;None;Unchanged;High;High;High;
DESKTOP-L7U0KGJ;192.168.194.114;windows;"Microsoft Windows 10 Pro";windows_10;microsoft;7.8;CVE-2021-34461;;CVE-2021-34461;"Windows Container Isolation FS Filter Driver Elevation of Privilege Vulnerability";;2023.02.21;KB5004237;CWE-269;Local;Low;Low;None;Unchanged;High;High;High;
DESKTOP-L7U0KGJ;192.168.194.114;windows;"Microsoft Windows 10 Pro";windows_10;microsoft;7;CVE-2021-34462;;CVE-2021-34462;"Windows AppX Deployment Extensions Elevation of Privilege Vulnerability";;2023.02.21;KB5004237;CWE-362;Local;High;Low;None;Unchanged;High;High;High;
DESKTOP-L7U0KGJ;192.168.194.114;windows;"Microsoft Windows 10 Pro";windows_10;microsoft;7.5;CVE-2021-34476;;CVE-2021-34476;"Bowser.sys Denial of Service Vulnerability";;2023.02.21;KB5004237;;Network;Low;None;None;Unchanged;None;None;High;
DESKTOP-L7U0KGJ;192.168.194.114;windows;"Microsoft Windows 10 Pro";windows_10;microsoft;8.8;CVE-2021-34481;;CVE-2021-34481;"Windows Print Spooler Remote Code Execution Vulnerability";;2023.02.21;KB5005033;CWE-269;Network;Low;Low;None;Unchanged;High;High;High;
DESKTOP-L7U0KGJ;192.168.194.114;windows;"Microsoft Windows 10 Pro";windows_10;microsoft;7.8;CVE-2021-34483;;CVE-2021-34483;"Windows Print Spooler Elevation of Privilege Vulnerability";;2023.02.21;KB5005033;CWE-269;Local;Low;Low;None;Unchanged;High;High;High;
DESKTOP-L7U0KGJ;192.168.194.114;windows;"Microsoft Windows 10 Pro";windows_10;microsoft;7.8;CVE-2021-34484;;CVE-2021-34484;"Windows User Profile Service Elevation of Privilege Vulnerability";;2023.02.21;KB5005033;CWE-269;Local;Low;Low;None;Unchanged;High;High;High;
DESKTOP-L7U0KGJ;192.168.194.114;windows;"Microsoft Windows 10 Pro";windows_10;microsoft;7.8;CVE-2021-34486;;CVE-2021-34486;"Windows Event Tracing Elevation of Privilege Vulnerability";;2023.02.21;KB5005033;CWE-269;Local;Low;Low;None;Unchanged;High;High;High;
DESKTOP-L7U0KGJ;192.168.194.114;windows;"Microsoft Windows 10 Pro";windows_10;microsoft;7;CVE-2021-34487;;CVE-2021-34487;"Windows Event Tracing Elevation of Privilege Vulnerability";;2023.02.21;KB5005033;CWE-269;Local;High;Low;None;Unchanged;High;High;High;
DESKTOP-L7U0KGJ;192.168.194.114;windows;"Microsoft Windows 10 Pro";windows_10;microsoft;7.8;CVE-2021-34488;;CVE-2021-34488;"Windows Console Driver Elevation of Privilege Vulnerability";;2023.02.21;KB5004237;CWE-269;Local;Low;Low;None;Unchanged;High;High;High;
DESKTOP-L7U0KGJ;192.168.194.114;windows;"Microsoft Windows 10 Pro";windows_10;microsoft;7.8;CVE-2021-34489;;CVE-2021-34489;"DirectWrite Remote Code Execution Vulnerability";;2023.02.21;KB5004237;;Local;Low;None;Required;Unchanged;High;High;High;
DESKTOP-L7U0KGJ;192.168.194.114;windows;"Microsoft Windows 10 Pro";windows_10;microsoft;7.5;CVE-2021-34490;;CVE-2021-34490;"Windows TCP/IP Driver Denial of Service Vulnerability";;2023.02.21;KB5004237;;Network;Low;None;None;Unchanged;None;None;High;
DESKTOP-L7U0KGJ;192.168.194.114;windows;"Microsoft Windows 10 Pro";windows_10;microsoft;8.1;CVE-2021-34492;;CVE-2021-34492;"Windows Certificate Spoofing Vulnerability";;2023.02.21;KB5004237;;Network;Low;None;Required;Unchanged;High;High;None;
DESKTOP-L7U0KGJ;192.168.194.114;windows;"Microsoft Windows 10 Pro";windows_10;microsoft;7.8;CVE-2021-34498;;CVE-2021-34498;"Windows GDI Elevation of Privilege Vulnerability";;2023.02.21;KB5004237;CWE-416;Local;Low;Low;None;Unchanged;High;High;High;
DESKTOP-L7U0KGJ;192.168.194.114;windows;"Microsoft Windows 10 Pro";windows_10;microsoft;7.8;CVE-2021-34504;;CVE-2021-34504;"Windows Address Book Remote Code Execution Vulnerability";;2023.02.21;KB5004237;;Local;Low;None;Required;Unchanged;High;High;High;
DESKTOP-L7U0KGJ;192.168.194.114;windows;"Microsoft Windows 10 Pro";windows_10;microsoft;8.8;CVE-2021-34508;;CVE-2021-34508;"Windows Kernel Remote Code Execution Vulnerability";;2023.02.21;KB5004237;;Network;Low;Low;None;Unchanged;High;High;High;
DESKTOP-L7U0KGJ;192.168.194.114;windows;"Microsoft Windows 10 Pro";windows_10;microsoft;7.8;CVE-2021-34510;;CVE-2021-34510;"Storage Spaces Controller Elevation of Privilege Vulnerability";;2023.02.21;KB5004237;CWE-190;Local;Low;Low;None;Unchanged;High;High;High;
DESKTOP-L7U0KGJ;192.168.194.114;windows;"Microsoft Windows 10 Pro";windows_10;microsoft;7.8;CVE-2021-34511;;CVE-2021-34511;"Windows Installer Elevation of Privilege Vulnerability";;2023.02.21;KB5004237;CWE-269;Local;Low;Low;None;Unchanged;High;High;High;
DESKTOP-L7U0KGJ;192.168.194.114;windows;"Microsoft Windows 10 Pro";windows_10;microsoft;7.8;CVE-2021-34512;;CVE-2021-34512;"Storage Spaces Controller Elevation of Privilege Vulnerability";;2023.02.21;KB5004237;CWE-190;Local;Low;Low;None;Unchanged;High;High;High;
DESKTOP-L7U0KGJ;192.168.194.114;windows;"Microsoft Windows 10 Pro";windows_10;microsoft;7.8;CVE-2021-34513;;CVE-2021-34513;"Storage Spaces Controller Elevation of Privilege Vulnerability";;2023.02.21;KB5004237;CWE-190;Local;Low;Low;None;Unchanged;High;High;High;
DESKTOP-L7U0KGJ;192.168.194.114;windows;"Microsoft Windows 10 Pro";windows_10;microsoft;7.8;CVE-2021-34514;;CVE-2021-34514;"Windows Kernel Elevation of Privilege Vulnerability";;2023.02.21;KB5004237;CWE-269;Local;Low;Low;None;Unchanged;High;High;High;
DESKTOP-L7U0KGJ;192.168.194.114;windows;"Microsoft Windows 10 Pro";windows_10;microsoft;7.8;CVE-2021-34516;;CVE-2021-34516;"Win32k Elevation of Privilege Vulnerability";;2023.02.21;KB5004237;CWE-20;Local;Low;Low;None;Unchanged;High;High;High;
DESKTOP-L7U0KGJ;192.168.194.114;windows;"Microsoft Windows 10 Pro";windows_10;microsoft;8.8;CVE-2021-34527;;CVE-2021-34527;"Windows Print Spooler Remote Code Execution Vulnerability";;2023.02.21;KB5004945;CWE-269;Network;Low;Low;None;Unchanged;High;High;High;
DESKTOP-L7U0KGJ;192.168.194.114;windows;"Microsoft Windows 10 Pro";windows_10;microsoft;7.8;CVE-2021-34530;;CVE-2021-34530;"Windows Graphics Component Remote Code Execution Vulnerability";;2023.02.21;KB5005033;;Local;Low;None;Required;Unchanged;High;High;High;
DESKTOP-L7U0KGJ;192.168.194.114;windows;"Microsoft Windows 10 Pro";windows_10;microsoft;7.8;CVE-2021-34533;;CVE-2021-34533;"Windows Graphics Component Font Parsing Remote Code Execution Vulnerability";;2023.02.21;KB5005033;;Local;Low;None;Required;Unchanged;High;High;High;
DESKTOP-L7U0KGJ;192.168.194.114;windows;"Microsoft Windows 10 Pro";windows_10;microsoft;8.8;CVE-2021-34535;;CVE-2021-34535;"Remote Desktop Client Remote Code Execution Vulnerability";;2023.02.21;KB5005033;;Network;Low;None;Required;Unchanged;High;High;High;
DESKTOP-L7U0KGJ;192.168.194.114;windows;"Microsoft Windows 10 Pro";windows_10;microsoft;7.8;CVE-2021-34536;;CVE-2021-34536;"Storage Spaces Controller Elevation of Privilege Vulnerability";;2023.02.21;KB5005033;CWE-190;Local;Low;Low;None;Unchanged;High;High;High;
DESKTOP-L7U0KGJ;192.168.194.114;windows;"Microsoft Windows 10 Pro";windows_10;microsoft;7.8;CVE-2021-34537;;CVE-2021-34537;"Windows Bluetooth Driver Elevation of Privilege Vulnerability";;2023.02.21;KB5005033;CWE-269;Local;Low;Low;None;Unchanged;High;High;High;
DESKTOP-L7U0KGJ;192.168.194.114;windows;"Microsoft Windows 10 Pro";windows_10;microsoft;7.5;CVE-2021-36926;;CVE-2021-36926;"Windows Services for NFS ONCRPC XDR Driver Information Disclosure Vulnerability";;2023.02.21;KB5005033;;Network;Low;None;None;Unchanged;High;None;None;
DESKTOP-L7U0KGJ;192.168.194.114;windows;"Microsoft Windows 10 Pro";windows_10;microsoft;7.5;CVE-2021-36932;;CVE-2021-36932;"Windows Services for NFS ONCRPC XDR Driver Information Disclosure Vulnerability";;2023.02.21;KB5005033;;Network;Low;None;None;Unchanged;High;None;None;
DESKTOP-L7U0KGJ;192.168.194.114;windows;"Microsoft Windows 10 Pro";windows_10;microsoft;7.5;CVE-2021-36933;;CVE-2021-36933;"Windows Services for NFS ONCRPC XDR Driver Information Disclosure Vulnerability";;2023.02.21;KB5005033;;Network;Low;None;None;Unchanged;High;None;None;
DESKTOP-L7U0KGJ;192.168.194.114;windows;"Microsoft Windows 10 Pro";windows_10;microsoft;7.8;CVE-2021-36934;;CVE-2021-36934;"Windows Elevation of Privilege Vulnerability";;2023.02.21;KB5005033;CWE-732;Local;Low;Low;None;Unchanged;High;High;High;
DESKTOP-L7U0KGJ;192.168.194.114;windows;"Microsoft Windows 10 Pro";windows_10;microsoft;8.8;CVE-2021-36936;;CVE-2021-36936;"Windows Print Spooler Remote Code Execution Vulnerability";;2023.02.21;KB5005033;;Network;Low;Low;None;Unchanged;High;High;High;
DESKTOP-L7U0KGJ;192.168.194.114;windows;"Microsoft Windows 10 Pro";windows_10;microsoft;7.8;CVE-2021-36937;;CVE-2021-36937;"Windows Media MPEG-4 Video Decoder Remote Code Execution Vulnerability";;2023.02.21;KB5005033;;Local;Low;None;Required;Unchanged;High;High;High;
DESKTOP-L7U0KGJ;192.168.194.114;windows;"Microsoft Windows 10 Pro";windows_10;microsoft;8.8;CVE-2021-36947;;CVE-2021-36947;"Windows Print Spooler Remote Code Execution Vulnerability";;2023.02.21;KB5005033;;Network;Low;Low;None;Unchanged;High;High;High;
DESKTOP-L7U0KGJ;192.168.194.114;windows;"Microsoft Windows 10 Pro";windows_10;microsoft;7.8;CVE-2021-36948;;CVE-2021-36948;"Windows Update Medic Service Elevation of Privilege Vulnerability";;2023.02.21;KB5005033;CWE-269;Local;Low;Low;None;Unchanged;High;High;High;
DESKTOP-L7U0KGJ;192.168.194.114;windows;"Microsoft Windows 10 Pro";windows_10;microsoft;7.5;CVE-2021-36953;;CVE-2021-36953;"Windows TCP/IP Denial of Service Vulnerability";;2023.02.21;KB5006670;;Network;Low;None;None;Unchanged;None;None;High;
DESKTOP-L7U0KGJ;192.168.194.114;windows;"Microsoft Windows 10 Pro";windows_10;microsoft;8.8;CVE-2021-36954;;CVE-2021-36954;"Windows Bind Filter Driver Elevation of Privilege Vulnerability";;2023.02.21;KB5005565;CWE-269;Local;Low;Low;None;Changed;High;High;High;
DESKTOP-L7U0KGJ;192.168.194.114;windows;"Microsoft Windows 10 Pro";windows_10;microsoft;7.8;CVE-2021-36955;;CVE-2021-36955;"Windows Common Log File System Driver Elevation of Privilege Vulnerability";;2023.02.21;KB5005565;CWE-269;Local;Low;Low;None;Unchanged;High;High;High;
DESKTOP-L7U0KGJ;192.168.194.114;windows;"Microsoft Windows 10 Pro";windows_10;microsoft;7.8;CVE-2021-36957;;CVE-2021-36957;"Windows Desktop Bridge Elevation of Privilege Vulnerability";;2023.02.21;KB5007186;CWE-269;Local;Low;Low;None;Unchanged;High;High;High;
DESKTOP-L7U0KGJ;192.168.194.114;windows;"Microsoft Windows 10 Pro";windows_10;microsoft;7.8;CVE-2021-36958;;CVE-2021-36958;"Windows Print Spooler Remote Code Execution Vulnerability";;2023.02.21;KB5005565;;Local;Low;None;Required;Unchanged;High;High;High;
DESKTOP-L7U0KGJ;192.168.194.114;windows;"Microsoft Windows 10 Pro";windows_10;microsoft;7.5;CVE-2021-36960;;CVE-2021-36960;"Windows SMB Information Disclosure Vulnerability";;2023.02.21;KB5005565;;Network;Low;None;None;Unchanged;High;None;None;
DESKTOP-L7U0KGJ;192.168.194.114;windows;"Microsoft Windows 10 Pro";windows_10;microsoft;7.8;CVE-2021-36963;;CVE-2021-36963;"Windows Common Log File System Driver Elevation of Privilege Vulnerability";;2023.02.21;KB5005565;CWE-269;Local;Low;Low;None;Unchanged;High;High;High;
DESKTOP-L7U0KGJ;192.168.194.114;windows;"Microsoft Windows 10 Pro";windows_10;microsoft;7.8;CVE-2021-36964;;CVE-2021-36964;"Windows Event Tracing Elevation of Privilege Vulnerability";;2023.02.21;KB5005565;CWE-269;Local;Low;Low;None;Unchanged;High;High;High;
DESKTOP-L7U0KGJ;192.168.194.114;windows;"Microsoft Windows 10 Pro";windows_10;microsoft;8.8;CVE-2021-36965;;CVE-2021-36965;"Windows WLAN AutoConfig Service Remote Code Execution Vulnerability";;2023.02.21;KB5005565;;Adjacent;Low;None;None;Unchanged;High;High;High;
DESKTOP-L7U0KGJ;192.168.194.114;windows;"Microsoft Windows 10 Pro";windows_10;microsoft;7.8;CVE-2021-36966;;CVE-2021-36966;"Windows Subsystem for Linux Elevation of Privilege Vulnerability";;2023.02.21;KB5005565;CWE-269;Local;Low;Low;None;Unchanged;High;High;High;
DESKTOP-L7U0KGJ;192.168.194.114;windows;"Microsoft Windows 10 Pro";windows_10;microsoft;8;CVE-2021-36967;;CVE-2021-36967;"Windows WLAN AutoConfig Service Elevation of Privilege Vulnerability";;2023.02.21;KB5005565;CWE-269;Adjacent;Low;None;Required;Unchanged;High;High;High;
DESKTOP-L7U0KGJ;192.168.194.114;windows;"Microsoft Windows 10 Pro";windows_10;microsoft;8.8;CVE-2021-36970;;CVE-2021-36970;"Windows Print Spooler Spoofing Vulnerability";;2023.02.21;KB5006670;;Network;Low;None;Required;Unchanged;High;High;High;
DESKTOP-L7U0KGJ;192.168.194.114;windows;"Microsoft Windows 10 Pro";windows_10;microsoft;7.8;CVE-2021-36973;;CVE-2021-36973;"Windows Redirected Drive Buffering System Elevation of Privilege Vulnerability";;2023.02.21;KB5005565;CWE-269;Local;Low;Low;None;Unchanged;High;High;High;
DESKTOP-L7U0KGJ;192.168.194.114;windows;"Microsoft Windows 10 Pro";windows_10;microsoft;7.8;CVE-2021-36974;;CVE-2021-36974;"Windows SMB Elevation of Privilege Vulnerability";;2023.02.21;KB5005565;CWE-269;Local;Low;Low;None;Unchanged;High;High;High;
DESKTOP-L7U0KGJ;192.168.194.114;windows;"Microsoft Windows 10 Pro";windows_10;microsoft;7.8;CVE-2021-36975;;CVE-2021-36975;"Win32k Elevation of Privilege Vulnerability";;2023.02.21;KB5005565;CWE-269;Local;Low;Low;None;Unchanged;High;High;High;
DESKTOP-L7U0KGJ;192.168.194.114;windows;"Microsoft Windows 10 Pro";windows_10;microsoft;7.8;CVE-2021-38628;;CVE-2021-38628;"Windows Ancillary Function Driver for WinSock Elevation of Privilege Vulnerability";;2023.02.21;KB5005565;CWE-269;Local;Low;Low;None;Unchanged;High;High;High;
DESKTOP-L7U0KGJ;192.168.194.114;windows;"Microsoft Windows 10 Pro";windows_10;microsoft;7.8;CVE-2021-38630;;CVE-2021-38630;"Windows Event Tracing Elevation of Privilege Vulnerability";;2023.02.21;KB5005565;CWE-269;Local;Low;Low;None;Unchanged;High;High;High;
DESKTOP-L7U0KGJ;192.168.194.114;windows;"Microsoft Windows 10 Pro";windows_10;microsoft;7.8;CVE-2021-38633;;CVE-2021-38633;"Windows Common Log File System Driver Elevation of Privilege Vulnerability";;2023.02.21;KB5005565;CWE-269;Local;Low;Low;None;Unchanged;High;High;High;
DESKTOP-L7U0KGJ;192.168.194.114;windows;"Microsoft Windows 10 Pro";windows_10;microsoft;7.1;CVE-2021-38634;;CVE-2021-38634;"Microsoft Windows Update Client Elevation of Privilege Vulnerability";;2023.02.21;KB5005565;CWE-269;Local;Low;Low;None;Unchanged;None;High;High;
DESKTOP-L7U0KGJ;192.168.194.114;windows;"Microsoft Windows 10 Pro";windows_10;microsoft;7.8;CVE-2021-38638;;CVE-2021-38638;"Windows Ancillary Function Driver for WinSock Elevation of Privilege Vulnerability";;2023.02.21;KB5005565;CWE-269;Local;Low;Low;None;Unchanged;High;High;High;
DESKTOP-L7U0KGJ;192.168.194.114;windows;"Microsoft Windows 10 Pro";windows_10;microsoft;7.8;CVE-2021-38639;;CVE-2021-38639;"Win32k Elevation of Privilege Vulnerability";;2023.02.21;KB5005565;CWE-269;Local;Low;Low;None;Unchanged;High;High;High;
DESKTOP-L7U0KGJ;192.168.194.114;windows;"Microsoft Windows 10 Pro";windows_10;microsoft;7.4;CVE-2021-38665;;CVE-2021-38665;"Remote Desktop Protocol Client Information Disclosure Vulnerability";;2023.02.21;KB5007186;;Network;Low;None;Required;Changed;High;None;None;
DESKTOP-L7U0KGJ;192.168.194.114;windows;"Microsoft Windows 10 Pro";windows_10;microsoft;8.8;CVE-2021-38666;;CVE-2021-38666;"Remote Desktop Client Remote Code Execution Vulnerability";;2023.02.21;KB5007186;;Network;Low;None;Required;Unchanged;High;High;High;
DESKTOP-L7U0KGJ;192.168.194.114;windows;"Microsoft Windows 10 Pro";windows_10;microsoft;7.8;CVE-2021-38667;;CVE-2021-38667;"Windows Print Spooler Elevation of Privilege Vulnerability";;2023.02.21;KB5005565;CWE-269;Local;Low;Low;None;Unchanged;High;High;High;
DESKTOP-L7U0KGJ;192.168.194.114;windows;"Microsoft Windows 10 Pro";windows_10;microsoft;7.8;CVE-2021-38671;;CVE-2021-38671;"Windows Print Spooler Elevation of Privilege Vulnerability";;2023.02.21;KB5005565;CWE-269;Local;Low;Low;None;Unchanged;High;High;High;
DESKTOP-L7U0KGJ;192.168.194.114;windows;"Microsoft Windows 10 Pro";windows_10;microsoft;7.8;CVE-2021-40443;;CVE-2021-40443;"Windows Common Log File System Driver Elevation of Privilege Vulnerability";;2023.02.21;KB5006670;CWE-269;Local;Low;Low;None;Unchanged;High;High;High;
DESKTOP-L7U0KGJ;192.168.194.114;windows;"Microsoft Windows 10 Pro";windows_10;microsoft;8.8;CVE-2021-40444;;CVE-2021-40444;"Microsoft MSHTML Remote Code Execution Vulnerability";;2023.02.21;KB5005565;;Network;Low;None;Required;Changed;Low;High;Low;
DESKTOP-L7U0KGJ;192.168.194.114;windows;"Microsoft Windows 10 Pro";windows_10;microsoft;7.8;CVE-2021-40447;;CVE-2021-40447;"Windows Print Spooler Elevation of Privilege Vulnerability";;2023.02.21;KB5005565;CWE-269;Local;Low;Low;None;Unchanged;High;High;High;
DESKTOP-L7U0KGJ;192.168.194.114;windows;"Microsoft Windows 10 Pro";windows_10;microsoft;7.8;CVE-2021-40449;;CVE-2021-40449;"Win32k Elevation of Privilege Vulnerability";;2023.02.21;KB5006670;CWE-269;Local;Low;Low;None;Unchanged;High;High;High;
DESKTOP-L7U0KGJ;192.168.194.114;windows;"Microsoft Windows 10 Pro";windows_10;microsoft;7.8;CVE-2021-40450;;CVE-2021-40450;"Win32k Elevation of Privilege Vulnerability";;2023.02.21;KB5006670;CWE-269;Local;Low;Low;None;Unchanged;High;High;High;
DESKTOP-L7U0KGJ;192.168.194.114;windows;"Microsoft Windows 10 Pro";windows_10;microsoft;8;CVE-2021-40461;;CVE-2021-40461;"Windows Hyper-V Remote Code Execution Vulnerability";;2023.02.21;KB5006670;;Adjacent;High;Low;None;Changed;High;High;High;
DESKTOP-L7U0KGJ;192.168.194.114;windows;"Microsoft Windows 10 Pro";windows_10;microsoft;7.8;CVE-2021-40462;;CVE-2021-40462;"Windows Media Foundation Dolby Digital Atmos Decoders Remote Code Execution Vulnerability";;2023.02.21;KB5006670;;Local;Low;None;Required;Unchanged;High;High;High;
DESKTOP-L7U0KGJ;192.168.194.114;windows;"Microsoft Windows 10 Pro";windows_10;microsoft;7.7;CVE-2021-40463;;CVE-2021-40463;"Windows NAT Denial of Service Vulnerability";;2023.02.21;KB5006670;;Network;Low;Low;None;Changed;None;None;High;
DESKTOP-L7U0KGJ;192.168.194.114;windows;"Microsoft Windows 10 Pro";windows_10;microsoft;8;CVE-2021-40464;;CVE-2021-40464;"Windows Nearby Sharing Elevation of Privilege Vulnerability";;2023.02.21;KB5006670;CWE-269;Adjacent;Low;Low;None;Unchanged;High;High;High;
DESKTOP-L7U0KGJ;192.168.194.114;windows;"Microsoft Windows 10 Pro";windows_10;microsoft;7.8;CVE-2021-40465;;CVE-2021-40465;"Windows Text Shaping Remote Code Execution Vulnerability";;2023.02.21;KB5006670;;Local;Low;None;Required;Unchanged;High;High;High;
DESKTOP-L7U0KGJ;192.168.194.114;windows;"Microsoft Windows 10 Pro";windows_10;microsoft;7.8;CVE-2021-40466;;CVE-2021-40466;"Windows Common Log File System Driver Elevation of Privilege Vulnerability";;2023.02.21;KB5006670;CWE-269;Local;Low;Low;None;Unchanged;High;High;High;
DESKTOP-L7U0KGJ;192.168.194.114;windows;"Microsoft Windows 10 Pro";windows_10;microsoft;7.8;CVE-2021-40467;;CVE-2021-40467;"Windows Common Log File System Driver Elevation of Privilege Vulnerability";;2023.02.21;KB5006670;CWE-269;Local;Low;Low;None;Unchanged;High;High;High;
DESKTOP-L7U0KGJ;192.168.194.114;windows;"Microsoft Windows 10 Pro";windows_10;microsoft;7.8;CVE-2021-40470;;CVE-2021-40470;"DirectX Graphics Kernel Elevation of Privilege Vulnerability";;2023.02.21;KB5006670;CWE-269;Local;Low;Low;None;Unchanged;High;High;High;
DESKTOP-L7U0KGJ;192.168.194.114;windows;"Microsoft Windows 10 Pro";windows_10;microsoft;7.5;CVE-2021-40476;;CVE-2021-40476;"Windows AppContainer Elevation Of Privilege Vulnerability";;2023.02.21;KB5006670;CWE-522;Local;High;Low;Required;Changed;High;High;High;
DESKTOP-L7U0KGJ;192.168.194.114;windows;"Microsoft Windows 10 Pro";windows_10;microsoft;7.8;CVE-2021-40477;;CVE-2021-40477;"Windows Event Tracing Elevation of Privilege Vulnerability";;2023.02.21;KB5006670;CWE-269;Local;Low;Low;None;Unchanged;High;High;High;
DESKTOP-L7U0KGJ;192.168.194.114;windows;"Microsoft Windows 10 Pro";windows_10;microsoft;7.8;CVE-2021-40478;;CVE-2021-40478;"Storage Spaces Controller Elevation of Privilege Vulnerability";;2023.02.21;KB5006670;CWE-269;Local;Low;Low;None;Unchanged;High;High;High;
DESKTOP-L7U0KGJ;192.168.194.114;windows;"Microsoft Windows 10 Pro";windows_10;microsoft;7.8;CVE-2021-40488;;CVE-2021-40488;"Storage Spaces Controller Elevation of Privilege Vulnerability";;2023.02.21;KB5006670;CWE-269;Local;Low;Low;None;Unchanged;High;High;High;
DESKTOP-L7U0KGJ;192.168.194.114;windows;"Microsoft Windows 10 Pro";windows_10;microsoft;7.8;CVE-2021-40489;;CVE-2021-40489;"Storage Spaces Controller Elevation of Privilege Vulnerability";;2023.02.21;KB5006670;CWE-269;Local;Low;Low;None;Unchanged;High;High;High;
DESKTOP-L7U0KGJ;192.168.194.114;windows;"Microsoft Windows 10 Pro";windows_10;microsoft;7.8;CVE-2021-41330;;CVE-2021-41330;"Microsoft Windows Media Foundation Remote Code Execution Vulnerability";;2023.02.21;KB5006670;;Local;Low;None;Required;Unchanged;High;High;High;
DESKTOP-L7U0KGJ;192.168.194.114;windows;"Microsoft Windows 10 Pro";windows_10;microsoft;7.8;CVE-2021-41331;;CVE-2021-41331;"Windows Media Audio Decoder Remote Code Execution Vulnerability";;2023.02.21;KB5006670;;Local;Low;None;Required;Unchanged;High;High;High;
DESKTOP-L7U0KGJ;192.168.194.114;windows;"Microsoft Windows 10 Pro";windows_10;microsoft;7.8;CVE-2021-41333;;CVE-2021-41333;"Windows Print Spooler Elevation of Privilege Vulnerability";;2023.02.21;KB5008212;;Local;Low;Low;None;Unchanged;High;High;High;
DESKTOP-L7U0KGJ;192.168.194.114;windows;"Microsoft Windows 10 Pro";windows_10;microsoft;7;CVE-2021-41334;;CVE-2021-41334;"Windows Desktop Bridge Elevation of Privilege Vulnerability";;2023.02.21;KB5006670;CWE-269;Local;High;Low;None;Unchanged;High;High;High;
DESKTOP-L7U0KGJ;192.168.194.114;windows;"Microsoft Windows 10 Pro";windows_10;microsoft;7.8;CVE-2021-41335;;CVE-2021-41335;"Windows Kernel Elevation of Privilege Vulnerability";;2023.02.21;KB5006670;CWE-269;Local;Low;Low;None;Unchanged;High;High;High;
DESKTOP-L7U0KGJ;192.168.194.114;windows;"Microsoft Windows 10 Pro";windows_10;microsoft;7.8;CVE-2021-41340;;CVE-2021-41340;"Windows Graphics Component Remote Code Execution Vulnerability";;2023.02.21;KB5006670;;Local;Low;None;Required;Unchanged;High;High;High;
DESKTOP-L7U0KGJ;192.168.194.114;windows;"Microsoft Windows 10 Pro";windows_10;microsoft;7.8;CVE-2021-41345;;CVE-2021-41345;"Storage Spaces Controller Elevation of Privilege Vulnerability";;2023.02.21;KB5006670;CWE-269;Local;Low;Low;None;Unchanged;High;High;High;
DESKTOP-L7U0KGJ;192.168.194.114;windows;"Microsoft Windows 10 Pro";windows_10;microsoft;7.8;CVE-2021-41347;;CVE-2021-41347;"Windows AppX Deployment Service Elevation of Privilege Vulnerability";;2023.02.21;KB5006670;CWE-269;Local;Low;Low;None;Unchanged;High;High;High;
DESKTOP-L7U0KGJ;192.168.194.114;windows;"Microsoft Windows 10 Pro";windows_10;microsoft;7.5;CVE-2021-41356;;CVE-2021-41356;"Windows Denial of Service Vulnerability";;2023.02.21;KB5007186;;Network;Low;None;None;Unchanged;None;None;High;
DESKTOP-L7U0KGJ;192.168.194.114;windows;"Microsoft Windows 10 Pro";windows_10;microsoft;7.8;CVE-2021-41357;;CVE-2021-41357;"Win32k Elevation of Privilege Vulnerability";;2023.02.21;KB5006670;CWE-269;Local;Low;Low;None;Unchanged;High;High;High;
DESKTOP-L7U0KGJ;192.168.194.114;windows;"Microsoft Windows 10 Pro";windows_10;microsoft;7.8;CVE-2021-41366;;CVE-2021-41366;"Credential Security Support Provider Protocol (CredSSP) Elevation of Privilege Vulnerability";;2023.02.21;KB5007186;CWE-269;Local;Low;Low;None;Unchanged;High;High;High;
DESKTOP-L7U0KGJ;192.168.194.114;windows;"Microsoft Windows 10 Pro";windows_10;microsoft;7.8;CVE-2021-41367;;CVE-2021-41367;"NTFS Elevation of Privilege Vulnerability";;2023.02.21;KB5007186;CWE-269;Local;Low;Low;None;Unchanged;High;High;High;
DESKTOP-L7U0KGJ;192.168.194.114;windows;"Microsoft Windows 10 Pro";windows_10;microsoft;7.8;CVE-2021-41370;;CVE-2021-41370;"NTFS Elevation of Privilege Vulnerability";;2023.02.21;KB5007186;CWE-269;Local;Low;Low;None;Unchanged;High;High;High;
DESKTOP-L7U0KGJ;192.168.194.114;windows;"Microsoft Windows 10 Pro";windows_10;microsoft;7.8;CVE-2021-41377;;CVE-2021-41377;"Windows Fast FAT File System Driver Elevation of Privilege Vulnerability";;2023.02.21;KB5007186;CWE-269;Local;Low;Low;None;Unchanged;High;High;High;
DESKTOP-L7U0KGJ;192.168.194.114;windows;"Microsoft Windows 10 Pro";windows_10;microsoft;7.8;CVE-2021-41378;;CVE-2021-41378;"Windows NTFS Remote Code Execution Vulnerability";;2023.02.21;KB5007186;;Local;Low;Low;None;Unchanged;High;High;High;
DESKTOP-L7U0KGJ;192.168.194.114;windows;"Microsoft Windows 10 Pro";windows_10;microsoft;8.8;CVE-2021-42275;;CVE-2021-42275;"Microsoft COM for Windows Remote Code Execution Vulnerability";;2023.02.21;KB5007186;;Network;Low;Low;None;Unchanged;High;High;High;
DESKTOP-L7U0KGJ;192.168.194.114;windows;"Microsoft Windows 10 Pro";windows_10;microsoft;7.8;CVE-2021-42276;;CVE-2021-42276;"Microsoft Windows Media Foundation Remote Code Execution Vulnerability";;2023.02.21;KB5007186;;Local;Low;None;Required;Unchanged;High;High;High;
DESKTOP-L7U0KGJ;192.168.194.114;windows;"Microsoft Windows 10 Pro";windows_10;microsoft;8.8;CVE-2021-42283;;CVE-2021-42283;"NTFS Elevation of Privilege Vulnerability";;2023.02.21;KB5007186;CWE-269;Local;Low;Low;None;Changed;High;High;High;
DESKTOP-L7U0KGJ;192.168.194.114;windows;"Microsoft Windows 10 Pro";windows_10;microsoft;7.8;CVE-2021-42285;;CVE-2021-42285;"Windows Kernel Elevation of Privilege Vulnerability";;2023.02.21;KB5007186;CWE-269;Local;Low;Low;None;Unchanged;High;High;High;
DESKTOP-L7U0KGJ;192.168.194.114;windows;"Microsoft Windows 10 Pro";windows_10;microsoft;7.8;CVE-2021-42286;;CVE-2021-42286;"Windows Core Shell SI Host Extension Framework for Composable Shell Elevation of Privilege Vulnerability";;2023.02.21;KB5007186;CWE-269;Local;Low;Low;None;Unchanged;High;High;High;
DESKTOP-L7U0KGJ;192.168.194.114;windows;"Microsoft Windows 10 Pro";windows_10;microsoft;7.8;CVE-2021-43207;;CVE-2021-43207;"Windows Common Log File System Driver Elevation of Privilege Vulnerability";;2023.02.21;KB5008212;;Local;Low;Low;None;Unchanged;High;High;High;
DESKTOP-L7U0KGJ;192.168.194.114;windows;"Microsoft Windows 10 Pro";windows_10;microsoft;8.1;CVE-2021-43217;;CVE-2021-43217;"Windows Encrypting File System (EFS) Remote Code Execution Vulnerability";;2023.02.21;KB5008212;;Network;High;None;None;Unchanged;High;High;High;
DESKTOP-L7U0KGJ;192.168.194.114;windows;"Microsoft Windows 10 Pro";windows_10;microsoft;7.4;CVE-2021-43219;;CVE-2021-43219;"DirectX Graphics Kernel File Denial of Service Vulnerability";;2023.02.21;KB5008212;;Adjacent;Low;None;None;Changed;None;None;High;
DESKTOP-L7U0KGJ;192.168.194.114;windows;"Microsoft Windows 10 Pro";windows_10;microsoft;7.5;CVE-2021-43222;;CVE-2021-43222;"Microsoft Message Queuing Information Disclosure Vulnerability";;2023.02.21;KB5008212;CWE-668;Network;Low;None;None;Unchanged;High;None;None;
DESKTOP-L7U0KGJ;192.168.194.114;windows;"Microsoft Windows 10 Pro";windows_10;microsoft;7.8;CVE-2021-43223;;CVE-2021-43223;"Windows Remote Access Connection Manager Elevation of Privilege Vulnerability";;2023.02.21;KB5008212;;Local;Low;Low;None;Unchanged;High;High;High;
DESKTOP-L7U0KGJ;192.168.194.114;windows;"Microsoft Windows 10 Pro";windows_10;microsoft;7.8;CVE-2021-43226;;CVE-2021-43226;"Windows Common Log File System Driver Elevation of Privilege Vulnerability";;2023.02.21;KB5008212;;Local;Low;Low;None;Unchanged;High;High;High;
DESKTOP-L7U0KGJ;192.168.194.114;windows;"Microsoft Windows 10 Pro";windows_10;microsoft;7.5;CVE-2021-43228;;CVE-2021-43228;"SymCrypt Denial of Service Vulnerability";;2023.02.21;KB5008212;;Network;Low;None;None;Unchanged;None;None;High;
DESKTOP-L7U0KGJ;192.168.194.114;windows;"Microsoft Windows 10 Pro";windows_10;microsoft;7.8;CVE-2021-43229;;CVE-2021-43229;"Windows NTFS Elevation of Privilege Vulnerability";;2023.02.21;KB5008212;;Local;Low;Low;None;Unchanged;High;High;High;
DESKTOP-L7U0KGJ;192.168.194.114;windows;"Microsoft Windows 10 Pro";windows_10;microsoft;7.8;CVE-2021-43230;;CVE-2021-43230;"Windows NTFS Elevation of Privilege Vulnerability";;2023.02.21;KB5008212;;Local;Low;Low;None;Unchanged;High;High;High;
DESKTOP-L7U0KGJ;192.168.194.114;windows;"Microsoft Windows 10 Pro";windows_10;microsoft;7.8;CVE-2021-43231;;CVE-2021-43231;"Windows NTFS Elevation of Privilege Vulnerability";;2023.02.21;KB5008212;;Local;Low;Low;None;Unchanged;High;High;High;
DESKTOP-L7U0KGJ;192.168.194.114;windows;"Microsoft Windows 10 Pro";windows_10;microsoft;7.8;CVE-2021-43232;;CVE-2021-43232;"Windows Event Tracing Remote Code Execution Vulnerability";;2023.02.21;KB5008212;;Local;Low;None;Required;Unchanged;High;High;High;
DESKTOP-L7U0KGJ;192.168.194.114;windows;"Microsoft Windows 10 Pro";windows_10;microsoft;7.5;CVE-2021-43233;;CVE-2021-43233;"Remote Desktop Client Remote Code Execution Vulnerability";;2023.02.21;KB5008212;;Network;High;None;Required;Unchanged;High;High;High;
DESKTOP-L7U0KGJ;192.168.194.114;windows;"Microsoft Windows 10 Pro";windows_10;microsoft;7.8;CVE-2021-43234;;CVE-2021-43234;"Windows Fax Service Remote Code Execution Vulnerability";;2023.02.21;KB5008212;;Local;Low;None;Required;Unchanged;High;High;High;
DESKTOP-L7U0KGJ;192.168.194.114;windows;"Microsoft Windows 10 Pro";windows_10;microsoft;7.5;CVE-2021-43236;;CVE-2021-43236;"Microsoft Message Queuing Information Disclosure Vulnerability";;2023.02.21;KB5008212;;Network;Low;None;None;Unchanged;High;None;None;
DESKTOP-L7U0KGJ;192.168.194.114;windows;"Microsoft Windows 10 Pro";windows_10;microsoft;7.8;CVE-2021-43237;;CVE-2021-43237;"Windows Setup Elevation of Privilege Vulnerability";;2023.02.21;KB5008212;CWE-59;Local;Low;Low;None;Unchanged;High;High;High;
DESKTOP-L7U0KGJ;192.168.194.114;windows;"Microsoft Windows 10 Pro";windows_10;microsoft;7.8;CVE-2021-43238;;CVE-2021-43238;"Windows Remote Access Elevation of Privilege Vulnerability";;2023.02.21;KB5008212;CWE-59;Local;Low;Low;None;Unchanged;High;High;High;
DESKTOP-L7U0KGJ;192.168.194.114;windows;"Microsoft Windows 10 Pro";windows_10;microsoft;7.1;CVE-2021-43239;;CVE-2021-43239;"Windows Recovery Environment Agent Elevation of Privilege Vulnerability";;2023.02.21;KB5008212;;Local;Low;Low;None;Unchanged;None;High;High;
DESKTOP-L7U0KGJ;192.168.194.114;windows;"Microsoft Windows 10 Pro";windows_10;microsoft;7.8;CVE-2021-43240;;CVE-2021-43240;"NTFS Set Short Name Elevation of Privilege Vulnerability";;2023.02.21;KB5008212;;Local;Low;Low;None;Unchanged;High;High;High;
DESKTOP-L7U0KGJ;192.168.194.114;windows;"Microsoft Windows 10 Pro";windows_10;microsoft;7.8;CVE-2021-43247;;CVE-2021-43247;"Windows TCP/IP Driver Elevation of Privilege Vulnerability";;2023.02.21;KB5008212;CWE-787;Local;Low;Low;None;Unchanged;High;High;High;
DESKTOP-L7U0KGJ;192.168.194.114;windows;"Microsoft Windows 10 Pro";windows_10;microsoft;7.8;CVE-2021-43248;;CVE-2021-43248;"Windows Digital Media Receiver Elevation of Privilege Vulnerability";;2023.02.21;KB5008212;;Local;Low;Low;None;Unchanged;High;High;High;
DESKTOP-L7U0KGJ;192.168.194.114;windows;"Microsoft Windows 10 Pro";windows_10;microsoft;7.8;CVE-2021-43883;;CVE-2021-43883;"Windows Installer Elevation of Privilege Vulnerability";;2023.02.21;KB5008212;;Local;Low;Low;None;Unchanged;High;High;High;
DESKTOP-L7U0KGJ;192.168.194.114;windows;"Microsoft Windows 10 Pro";windows_10;microsoft;7.5;CVE-2021-43893;;CVE-2021-43893;"Windows Encrypting File System (EFS) Elevation of Privilege Vulnerability";;2023.02.21;KB5008212;CWE-668;Network;High;Low;None;Unchanged;High;High;High;
